Workbook

Sheet Applicants
B1: 0vTech 2026 Scholarship Screening
A2: S/N | B2: Full Name | C2: Email | D2: Gender | E2: Score | F2: Interview Date | G2: ELIGIBLE | H2: TOP CHOICE APPLICANT | I2: Phone Number
A3: 1 | B3: Grace Daniels | C3: grace.daniels0@example.com | D3: Female | E3: 77 | F3: 2025-07-22 | G3: =IF(E3>70,"YES","NO") -> YES | H3: =AND(D3="FEMALE",E3>85) -> FALSE | I3: 08071686403
A4: 2 | B4: Chidi Johnson | C4: chidi.johnson1@example.com | D4: Female | E4: 66 | F4: 2025-08-08 | G4: =IF(E4>70,"YES","NO") -> NO | H4: =AND(D4="FEMALE",E4>85) -> FALSE | I4: 08084408478
A5: 3 | B5: John Smith | C5: john.smith2@example.com | D5: Female | E5: 62 | F5: 2025-07-29 | G5: =IF(E5>70,"YES","NO") -> NO | H5: =AND(D5="FEMALE",E5>85) -> FALSE | I5: 08099485489
A6: 4 | B6: Tunde Daniels | C6: tunde.daniels3@example.com | D6: Female | E6: 50 | F6: 2025-08-03 | G6: =IF(E6>70,"YES","NO") -> NO | H6: =AND(D6="FEMALE",E6>85) -> FALSE | I6: 08013334266
A7: 5 | B7: Chidi Yusuf | C7: chidi.yusuf4@example.com | D7: Female | E7: 39 | F7: 2025-07-30 | G7: =IF(E7>70,"YES","NO") -> NO | H7: =AND(D7="FEMALE",E7>85) -> FALSE | I7: 08021965732
A8: 6 | B8: John Ibrahim | C8: john.ibrahim5@example.com | D8: Male | E8: 68 | F8: 2025-07-19 | G8: =IF(E8>70,"YES","NO") -> NO | H8: =AND(D8="FEMALE",E8>85) -> FALSE | I8: 08051613900
A9: 7 | B9: Ada Ibrahim | C9: ada.ibrahim6@example.com | D9: Male | E9: 50 | F9: 2025-08-08 | G9: =IF(E9>70,"YES","NO") -> NO | H9: =AND(D9="FEMALE",E9>85) -> FALSE | I9: 08059601357
A10: 8 | B10: James Okoro | C10: james.okoro7@example.com | D10: Male | E10: 46 | F10: 2025-07-27 | G10: =IF(E10>70,"YES","NO") -> NO | H10: =AND(D10="FEMALE",E10>85) -> FALSE | I10: 08089346775
A11: 9 | B11: Grace Daniels | C11: grace.daniels8@example.com | D11: Female | E11: 38 | F11: 2025-08-01 | G11: =IF(E11>70,"YES","NO") -> NO | H11: =AND(D11="FEMALE",E11>85) -> FALSE | I11: 08084741787
A12: 10 | B12: John Ade | C12: john.ade9@example.com | D12: Male | E12: 30 | F12: 2025-07-27 | G12: =IF(E12>70,"YES","NO") -> NO | H12: =AND(D12="FEMALE",E12>85) -> FALSE | I12: 08088388351
A13: 11 | B13: Aisha Yusuf | C13: aisha.yusuf10@example.com | D13: Female | E13: 85 | F13: 2025-07-16 | G13: =IF(E13>70,"YES","NO") -> YES | H13: =AND(D13="FEMALE",E13>85) -> FALSE | I13: 08043374740
A14: 12 | B14: Tunde Okoro | C14: tunde.okoro11@example.com | D14: Male | E14: 92 | F14: 2025-07-28 | G14: =IF(E14>70,"YES","NO") -> YES | H14: =AND(D14="FEMALE",E14>85) -> FALSE | I14: 08035254039
... A52: 50 | B52: John Yusuf | C52: john.yusuf49@example.com | D52: Female | E52: 62 | F52: 2025-08-06 | G52: =IF(E52>70,"YES","NO") -> NO | H52: =AND(D52="FEMALE",E52>85) -> FALSE | I52: 08018829672

Sheet Lookup
A1: OVTech 2025 Scholarship Screening
A2: APPLICANT SEARCH TABLE
A3: NAME | B3: EMAIL | C3: SCORE | D3: GENDER | E3: INTERVIEW DATE
A4: Chidi Yusuf | B4: =_xlfn.XLOOKUP(A4,Applicants!B3:B52,Applicants!C3:C52,"APPLICANT NOT FOUND",0) -> chidi.yusuf4@example.com | C4: =_xlfn.XLOOKUP(A4,Applicants!B3:B52,Applicants!E3:E52,"NO SCORE FOUND",0) -> 39 | D4: =_xlfn.XLOOKUP(A4,Applicants!B3:B52,Applicants!D3:D52,"APPLICANT NOT FOUND",0) -> Female | E4: =_xlfn.XLOOKUP(A4,Applicants!B3:B52,Applicants!F3:F52,"APPLICANT NOT FOUND",0) -> 2025-07-30

Sheet DATA SUMMARY
A1: APPLICANT INTERVIEW SCORE
A3: Lowest Interview Score : | D3: =MIN(Applicants!E3:E52) -> 30
A5: Highest Interview Score : | D5: =MAX(Applicants!E3:E52) -> 98
A7: Average Interview Score : | D7: =AVERAGE(Applicants!E3:E52) -> 62.44
A9: Median Interview Score : | D9: =MEDIAN(Applicants!E3:E52) -> 62
A11: Modal Interview Score : | D11: {=MODE(Applicants!E2:E52)} -> 62
A13: Total Number Of Applicant : | D13: =COUNTA(Applicants!B3:B52) -> 50

Sheet QUARTILE ANALYSIS
A1: QUARTILE ANALYSIS
A2: PERCENTILE | B2: QUARTILE .INCL VALUVE | C2: QUARTILE.EXC VALUE
A3: 0.25 | B3: =QUARTILE(Applicants!E3:E52,1) -> 46.25 | C3: )
A4: 0.5 | B4: =QUARTILE(Applicants!E3:E52,2) -> 62
A5: 0.75 | B5: =QUARTILE(Applicants!E3:E52,3) -> 77.75

Sheet PRIVATE
A1: =TODAY() -> 46179
B2: =DATEDIF(Applicants!F3,A1,"M") -> 10
